title,url,content
 Portsmouth, PO1 2QF +44 (0) 238 094 3967 leadgen@genzmarketing.xyz hello@genzmarketing.xyz Our Links Home About Us FAQs Blog Contact Us Subscribe to Newsletter ! We publish our newsletter with the most up to date information regularly. Please suscribe it to know our work," current affears and services. Subscribe Now Web Development & Copyright © 2023 Time research & innovation Ltd All rights reserved. Privacy Policy Terms and Conditions Submit Now"""
 Portsmouth, PO1 2QF +44 (0) 238 094 3967 leadgen@genzmarketing.xyz hello@genzmarketing.xyz Our Links Home About Us FAQs Blog Contact Us Subscribe to Newsletter ! We publish our newsletter with the most up to date information regularly. Please suscribe it to know our work," current affears and services. Subscribe Now Web Development & Copyright © 2023 Time research & innovation Ltd All rights reserved. Privacy Policy Terms and Conditions Submit Now"""
,,
,,
,,
,,
,,
,,
,,
,,
,,
,,
,,
,,
,,
,,
,,
,,
,,
,,
,,
,,
,,
,,
 Portsmouth, PO1 2QF +44 (0) 238 094 3967 leadgen@genzmarketing.xyz hello@genzmarketing.xyz Our Links Home About Us FAQs Blog Contact Us Subscribe to Newsletter ! We publish our newsletter with the most up to date information regularly. Please suscribe it to know our work," current affears and services. Subscribe Now Web Development & Copyright © 2023 Time research & innovation Ltd All rights reserved. Privacy Policy Terms and Conditions Submit Now"""
 Portsmouth, PO1 2QF +44 (0) 238 094 3967 leadgen@genzmarketing.xyz hello@genzmarketing.xyz Our Links Home About Us FAQs Blog Contact Us Subscribe to Newsletter ! We publish our newsletter with the most up to date information regularly. Please suscribe it to know our work," current affears and services. Subscribe Now Web Development & Copyright © 2023 Time research & innovation Ltd All rights reserved. Privacy Policy Terms and Conditions Submit Now"""
 Portsmouth, PO1 2QF +44 (0) 238 094 3967 leadgen@genzmarketing.xyz hello@genzmarketing.xyz Our Links Home About Us FAQs Blog Contact Us Subscribe to Newsletter ! We publish our newsletter with the most up to date information regularly. Please suscribe it to know our work," current affears and services. Subscribe Now Web Development & Copyright © 2023 Time research & innovation Ltd All rights reserved. Privacy Policy Terms and Conditions Submit Now"""
 Portsmouth, PO1 2QF +44 (0) 238 094 3967 leadgen@genzmarketing.xyz hello@genzmarketing.xyz Our Links Home About Us FAQs Blog Contact Us Subscribe to Newsletter ! We publish our newsletter with the most up to date information regularly. Please suscribe it to know our work," current affears and services. Subscribe Now Web Development & Copyright © 2023 Time research & innovation Ltd All rights reserved. Privacy Policy Terms and Conditions Submit Now"""
 Portsmouth, PO1 2QF +44 (0) 238 094 3967 leadgen@genzmarketing.xyz hello@genzmarketing.xyz Our Links Home About Us FAQs Blog Contact Us Subscribe to Newsletter ! We publish our newsletter with the most up to date information regularly. Please suscribe it to know our work," current affears and services. Subscribe Now Web Development & Copyright © 2023 Time research & innovation Ltd All rights reserved. Privacy Policy Terms and Conditions Submit Now"""
 Portsmouth, PO1 2QF +44 (0) 238 094 3967 leadgen@genzmarketing.xyz hello@genzmarketing.xyz Our Links Home About Us FAQs Blog Contact Us Subscribe to Newsletter ! We publish our newsletter with the most up to date information regularly. Please suscribe it to know our work," current affears and services. Subscribe Now Web Development & Copyright © 2023 Time research & innovation Ltd All rights reserved. Privacy Policy Terms and Conditions Submit Now"""
 Portsmouth, PO1 2QF +44 (0) 238 094 3967 leadgen@genzmarketing.xyz hello@genzmarketing.xyz Our Links Home About Us FAQs Blog Contact Us Subscribe to Newsletter ! We publish our newsletter with the most up to date information regularly. Please suscribe it to know our work," current affears and services. Subscribe Now Web Development & Copyright © 2023 Time research & innovation Ltd All rights reserved. Privacy Policy Terms and Conditions Submit Now"""
 Portsmouth, PO1 2QF +44 (0) 238 094 3967 leadgen@genzmarketing.xyz hello@genzmarketing.xyz Our Links Home About Us FAQs Blog Contact Us Subscribe to Newsletter ! We publish our newsletter with the most up to date information regularly. Please suscribe it to know our work," current affears and services. Subscribe Now Web Development & Copyright © 2023 Time research & innovation Ltd All rights reserved. Privacy Policy Terms and Conditions Submit Now"""
 Portsmouth, PO1 2QF +44 (0) 238 094 3967 leadgen@genzmarketing.xyz hello@genzmarketing.xyz Our Links Home About Us FAQs Blog Contact Us Subscribe to Newsletter ! We publish our newsletter with the most up to date information regularly. Please suscribe it to know our work," current affears and services. Subscribe Now Web Development & Copyright © 2023 Time research & innovation Ltd All rights reserved. Privacy Policy Terms and Conditions Submit Now"""
 Portsmouth, PO1 2QF +44 (0) 238 094 3967 leadgen@genzmarketing.xyz hello@genzmarketing.xyz Our Links Home About Us FAQs Blog Contact Us Subscribe to Newsletter ! We publish our newsletter with the most up to date information regularly. Please suscribe it to know our work," current affears and services. Subscribe Now Web Development & Copyright © 2023 Time research & innovation Ltd All rights reserved. Privacy Policy Terms and Conditions Submit Now"""
 Portsmouth, PO1 2QF +44 (0) 238 094 3967 leadgen@genzmarketing.xyz hello@genzmarketing.xyz Our Links Home About Us FAQs Blog Contact Us Subscribe to Newsletter ! We publish our newsletter with the most up to date information regularly. Please suscribe it to know our work," current affears and services. Subscribe Now Web Development & Copyright © 2023 Time research & innovation Ltd All rights reserved. Privacy Policy Terms and Conditions Submit Now"""
 Portsmouth, PO1 2QF +44 (0) 238 094 3967 leadgen@genzmarketing.xyz hello@genzmarketing.xyz Our Links Home About Us FAQs Blog Contact Us Subscribe to Newsletter ! We publish our newsletter with the most up to date information regularly. Please suscribe it to know our work," current affears and services. Subscribe Now Web Development & Copyright © 2023 Time research & innovation Ltd All rights reserved. Privacy Policy Terms and Conditions Submit Now"""
 Portsmouth, PO1 2QF +44 (0) 238 094 3967 leadgen@genzmarketing.xyz hello@genzmarketing.xyz Our Links Home About Us FAQs Blog Contact Us Subscribe to Newsletter ! We publish our newsletter with the most up to date information regularly. Please suscribe it to know our work," current affears and services. Subscribe Now Web Development & Copyright © 2023 Time research & innovation Ltd All rights reserved. Privacy Policy Terms and Conditions Submit Now"""
 Portsmouth, PO1 2QF +44 (0) 238 094 3967 leadgen@genzmarketing.xyz hello@genzmarketing.xyz Our Links Home About Us FAQs Blog Contact Us Subscribe to Newsletter ! We publish our newsletter with the most up to date information regularly. Please suscribe it to know our work," current affears and services. Subscribe Now Web Development & Copyright © 2023 Time research & innovation Ltd All rights reserved. Privacy Policy Terms and Conditions Submit Now"""
 Portsmouth, PO1 2QF +44 (0) 238 094 3967 leadgen@genzmarketing.xyz hello@genzmarketing.xyz Our Links Home About Us FAQs Blog Contact Us Subscribe to Newsletter ! We publish our newsletter with the most up to date information regularly. Please suscribe it to know our work," current affears and services. Subscribe Now Web Development & Copyright © 2023 Time research & innovation Ltd All rights reserved. Privacy Policy Terms and Conditions Submit Now"""
 Portsmouth, PO1 2QF +44 (0) 238 094 3967 leadgen@genzmarketing.xyz hello@genzmarketing.xyz Our Links Home About Us FAQs Blog Contact Us Subscribe to Newsletter ! We publish our newsletter with the most up to date information regularly. Please suscribe it to know our work," current affears and services. Subscribe Now Web Development & Copyright © 2023 Time research & innovation Ltd All rights reserved. Privacy Policy Terms and Conditions Submit Now"""
 Portsmouth, PO1 2QF +44 (0) 238 094 3967 leadgen@genzmarketing.xyz hello@genzmarketing.xyz Our Links Home About Us FAQs Blog Contact Us Subscribe to Newsletter ! We publish our newsletter with the most up to date information regularly. Please suscribe it to know our work," current affears and services. Subscribe Now Web Development & Copyright © 2023 Time research & innovation Ltd All rights reserved. Privacy Policy Terms and Conditions Submit Now"""
 Portsmouth, PO1 2QF +44 (0) 238 094 3967 leadgen@genzmarketing.xyz hello@genzmarketing.xyz Our Links Home About Us FAQs Blog Contact Us Subscribe to Newsletter ! We publish our newsletter with the most up to date information regularly. Please suscribe it to know our work," current affears and services. Subscribe Now Web Development & Copyright © 2023 Time research & innovation Ltd All rights reserved. Privacy Policy Terms and Conditions Submit Now"""
 Portsmouth, PO1 2QF +44 (0) 238 094 3967 leadgen@genzmarketing.xyz hello@genzmarketing.xyz Our Links Home About Us FAQs Blog Contact Us Subscribe to Newsletter ! We publish our newsletter with the most up to date information regularly. Please suscribe it to know our work," current affears and services. Subscribe Now Web Development & Copyright © 2023 Time research & innovation Ltd All rights reserved. Privacy Policy Terms and Conditions Submit Now"""
 Portsmouth, PO1 2QF +44 (0) 238 094 3967 leadgen@genzmarketing.xyz hello@genzmarketing.xyz Our Links Home About Us FAQs Blog Contact Us Subscribe to Newsletter ! We publish our newsletter with the most up to date information regularly. Please suscribe it to know our work," current affears and services. Subscribe Now Web Development & Copyright © 2023 Time research & innovation Ltd All rights reserved. Privacy Policy Terms and Conditions Submit Now"""
 Portsmouth, PO1 2QF +44 (0) 238 094 3967 leadgen@genzmarketing.xyz hello@genzmarketing.xyz Our Links Home About Us FAQs Blog Contact Us Subscribe to Newsletter ! We publish our newsletter with the most up to date information regularly. Please suscribe it to know our work," current affears and services. Subscribe Now Web Development & Copyright © 2023 Time research & innovation Ltd All rights reserved. Privacy Policy Terms and Conditions Submit Now"""
 Portsmouth, PO1 2QF +44 (0) 238 094 3967 leadgen@genzmarketing.xyz hello@genzmarketing.xyz Our Links Home About Us FAQs Blog Contact Us Subscribe to Newsletter ! We publish our newsletter with the most up to date information regularly. Please suscribe it to know our work," current affears and services. Subscribe Now Web Development & Copyright © 2023 Time research & innovation Ltd All rights reserved. Privacy Policy Terms and Conditions Submit Now"""
 Portsmouth, PO1 2QF +44 (0) 238 094 3967 leadgen@genzmarketing.xyz hello@genzmarketing.xyz Our Links Home About Us FAQs Blog Contact Us Subscribe to Newsletter ! We publish our newsletter with the most up to date information regularly. Please suscribe it to know our work," current affears and services. Subscribe Now Web Development & Copyright © 2023 Time research & innovation Ltd All rights reserved. Privacy Policy Terms and Conditions Submit Now"""
,,
,,
,,
,,
,,
,,
,,
,,
,,
,,
,,
,,
,,
,,
,,
,,
,,
,,
,,
,,
,,
,,
,,
,,
,,
,,
,,
,,
,,
,,
,,
,,
,,
,,
,,
,,
,,
,,
,,
,,
,,
,,
,,
,,
,,
,,
,,
,,
,,
,,
,,
,,
,,
,,
,,
,,
,,
,,
,,
,,
,,
,,
,,
,,
,,
,,
,,
,,
,,
,,
,,
,,
,,
,,
,,
,,
,,
,,
,,
,,
,,
,,
,,
,,
,,
,,
,,
,,
,,
,,
,,
,,
,,
,,
,,
,,
,,
,,
,,
,,
,,
,,
,,
,,
,,
,,
,,
,,
,,
,,
,,
,,
,,
,,
,,
,,
,,
,,
 Portsmouth, PO1 2QF +44 (0) 238 094 3967 leadgen@genzmarketing.xyz hello@genzmarketing.xyz Our Links Home About Us FAQs Blog Contact Us Subscribe to Newsletter ! We publish our newsletter with the most up to date information regularly. Please suscribe it to know our work," current affears and services. Subscribe Now Web Development & Copyright © 2023 Time research & innovation Ltd All rights reserved. Privacy Policy Terms and Conditions Submit Now"""
,,
,,
,,
,,
,,
,,
,,
